"000_Foreword.pages","2020-04-04 08:59:06"
"001_500_Contents.pages","2020-04-04 09:46:05"
"001_500_Contents_2.pages","2020-01-16 05:37:29"
"001_I_Dont_Like_THAT_Colour..pages","2020-01-14 20:03:17"
"002_Youre_Tall.pages","2020-01-15 19:45:53"
"003_The_Dripping_Tap.pages","2020-01-16 20:34:38"
"004_Catch_It..pages","2020-01-17 19:31:06"
"005_Blue_Whale_Cheese.pages","2020-01-18 11:28:43"
"006_Snot.pages","2020-01-25 17:27:11"
"007_The_Train,_The_Pig_and_The_Potato.pages","2020-01-18 21:00:15"
"008_Fog.pages","2020-01-19 11:46:02"
"009_Couch_Potato.pages","2020-01-19 15:59:17"
"010_Oversleeping.pages","2020-01-21 18:53:14"
"011_Where_Does_The_Light_Go.pages","2020-01-21 19:56:33"
"012_Goldfish.pages","2020-01-22 20:44:33"
"013_Unobtainium_and_other_fantastical_Elements.pages","2020-01-22 21:08:06"
"014_Bicycle_Race.pages","2020-01-22 21:22:12"
"015_Visitors.pages","2020-01-24 19:35:09"
"016_Horror_Story.pages","2020-01-24 21:14:42"
"017_Lottery_Win.pages","2020-01-27 18:39:42"
"018_Space_Armada.pages","2020-01-26 18:10:28"
"019_Detention.pages","2020-01-27 18:40:55"
"020_Turtle-y_Disastrous.pages","2020-01-25 07:52:22"
"021_Whats_That_Noise.pages","2020-01-28 20:01:40"
"022_Odd_Socks.pages","2020-02-02 16:52:56"
"023_What_if_it_never_stops_raining.pages","2020-02-08 18:03:07"
"024_Where,_exactly_did_you_put_the_moon_Kevin.pages","2020-01-31 21:20:18"
"025_Another_dimension.pages","2020-02-03 17:56:22"
"026_Its_a_new_world_record.pages","2020-02-09 18:45:27"
"027_Storm_in_a_tea_cup.pages","2020-02-04 16:17:37"
"028_Dihydrogen_Monoxide.pages","2020-02-04 20:05:31"
"029_Slug.pages","2020-02-05 18:35:39"
"030_Its_exactly_where_I_left_it..pages","2020-02-01 12:02:03"
"031_Nuts.pages","2020-02-06 18:38:01"
"032_Cone_of_shame.pages","2020-02-07 20:03:37"
"033_Free_Kites.pages","2020-02-08 09:56:54"
"034_Leaving_Marshlands.pages","2020-02-11 18:15:01"
"035_Halfway_up_a_mountain.pages","2020-02-14 10:41:31"
"036_Can_you_make_it_big_again.pages","2020-02-01 12:48:47"
"037_As_far_as_the_eye_can_see.pages","2020-02-16 09:01:14"
"038_Bridge_of_Doom!.pages","2020-02-15 20:09:54"
"039_Missing_Piece.pages","2020-02-16 09:25:04"
"040_Rocket_Launch.pages","2020-02-18 18:57:54"
"041_Coo_Sleuth.pages","2020-02-20 08:28:34"
"042_Thats_a_relief.pages","2020-02-01 13:36:27"
"043_Gary_Blizzard_-_Almost_Wizard.pages","2020-03-14 12:25:26"
"044_Bless_you.pages","2020-03-19 18:08:04"
"045_Day_1347.pages","2020-03-19 18:07:12"
"046_Mission_Control.pages","2020-02-19 09:17:46"
"047_The_school_of_Mum_and_Dad.pages","2020-03-23 19:48:27"
"048_Mikes_Magic_Underpants.pages","2020-03-29 16:37:54"
"049_You_are_a_superhero.pages","2020-04-01 19:25:12"
"050_Ill_make_you_a_superhero.pages","2020-04-01 19:25:12"
"051_Oobly_the_Giraffe_Wizard.pages","2021-12-26 11:08:57"
"052_Frankie_Skid_-_Fearless_Squid.pages","2023-05-31 16:18:50"
"991_Cast_Of_Thousands.pages","2020-04-04 09:46:26"
"992_Acknowledgements.pages","2020-04-04 11:02:58"
">_Cover_Page_-Snot_and_other_stories..pages","2020-04-07 21:03:37"
"Blank.pages","2020-04-07 20:15:35"
"Snot_and_other_stories_-_Drawings.pages","2020-04-07 20:11:05"
"file_list.csv","2025-02-16 14:02:59"
"jersey_zimmerman_angry_man.pages","2024-08-25 16:32:29"
"roger_proctor_left_foot_doctor.pages","2024-08-06 21:00:19"
