story_id,file_name,written,title
0,000_Foreword.pages,2020-04-04 08:59:06,Foreword
0a,001_500_Contents.pages,2020-04-04 09:46:05,500 Contents
0b,001_500_Contents_2.pages,2020-01-16 05:37:29,500 Contents 2
1,001_I_Dont_Like_THAT_Colour.pages,2020-01-14 20:03:17,I Don't Like THAT Colour
2,002_Youre_Tall.pages,2020-01-15 19:45:53,You're Tall
3,003_The_Dripping_Tap.pages,2020-01-16 20:34:38,The Dripping Tap
4,004_Catch_It..pages,2020-01-17 19:31:06,Catch It
5,005_Blue_Whale_Cheese.pages,2020-01-18 11:28:43,Blue Whale Cheese
6,006_Snot.pages,2020-01-25 17:27:11,Snot
7,007_The_Train_The_Pig_and_The_Potato.pages,2020-01-18 21:00:15,"The Train, The Pig and The Potato"
8,008_Fog.pages,2020-01-19 11:46:02,Fog
9,009_Couch_Potato.pages,2020-01-19 15:59:17,Couch Potato
10,010_Oversleeping.pages,2020-01-21 18:53:14,Oversleeping
11,011_Where_Does_The_Light_Go.pages,2020-01-21 19:56:33,Where Does The Light Go?
12,012_Goldfish.pages,2020-01-22 20:44:33,Goldfish
13,013_Unobtainium_and_other_fantastical_Elements.pages,2020-01-22 21:08:06,Unobtainium and Other Fantastical Elements
14,014_Bicycle_Race.pages,2020-01-22 21:22:12,Bicycle Race
15,015_Visitors.pages,2020-01-24 19:35:09,Visitors
16,016_Horror_Story.pages,2020-01-24 21:14:42,Horror Story
17,017_Lottery_Win.pages,2020-01-27 18:39:42,Lottery Win
18,018_Space_Armada.pages,2020-01-26 18:10:28,Space Armada
19,019_Detention.pages,2020-01-27 18:40:55,Detention
20,020_Turtle-y_Disastrous.pages,2020-01-25 07:52:22,Turtle-y Disastrous
21,021_Whats_That_Noise.pages,2020-01-28 20:01:40,What's That Noise
22,022_Odd_Socks.pages,2020-02-02 16:52:56,Odd Socks
23,023_What_if_it_never_stops_raining.pages,2020-02-08 18:03:07,What If It Never Stops Raining?
24,024_Where_exactly_did_you_put_the_moon_Kevin.pages,2020-01-31 21:20:18,Where Exactly Did You Put The Moon Kevin?
25,025_Another_dimension.pages,2020-02-03 17:56:22,Another Dimension
26,026_Its_a_new_world_record.pages,2020-02-09 18:45:27,It's a New World Record
27,027_Storm_in_a_tea_cup.pages,2020-02-04 16:17:37,Storm i a Tea Cup
28,028_Dihydrogen_Monoxide.pages,2020-02-04 20:05:31,Dihydrogen Monoxide
29,029_Slug.pages,2020-02-05 18:35:39,Slug
30,030_Its_exactly_where_I_left_it.pages,2020-02-01 12:02:03,Its Exactly Where I Left It
31,031_Nuts.pages,2020-02-06 18:38:01,Nuts
32,032_Cone_of_shame.pages,2020-02-07 20:03:37,Cone of Shame
33,033_Free_Kites.pages,2020-02-08 09:56:54,Free Kites
34,034_Leaving_Marshlands.pages,2020-02-11 18:15:01,Leaving Marshlands
35,035_Halfway_up_a_mountain.pages,2020-02-14 10:41:31,Halfway up a Mountain
36,036_Can_you_make_it_big_again.pages,2020-02-01 12:48:47,Can You Make it Big Again
37,037_As_far_as_the_eye_can_see.pages,2020-02-16 09:01:14,As Far As The Eye Can See
38,038_Bridge_of_Doom!.pages,2020-02-15 20:09:54,Bridge of Doom!
39,039_Missing_Piece.pages,2020-02-16 09:25:04,Missing Piece
40,040_Rocket_Launch.pages,2020-02-18 18:57:54,Rocket Launch
41,041_Coo_Sleuth.pages,2020-02-20 08:28:34,Coo Sleuth
42,042_Thats_a_relief.pages,2020-02-01 13:36:27,Thats a Relief
43,043_Gary_Blizzard_-_Almost_Wizard.pages,2020-03-14 12:25:26,Gary Blizzard - Almost Wizard
44,044_Bless_you.pages,2020-03-19 18:08:04,Bless You
45,045_Day_1347.pages,2020-03-19 18:07:12,Day 1347
46,046_Mission_Control.pages,2020-02-19 09:17:46,Mission Control
47,047_The_school_of_Mum_and_Dad.pages,2020-03-23 19:48:27,The School of Mum and Dad
48,048_Mikes_Magic_Underpants.pages,2020-03-29 16:37:54,Mikes Magic Underpants
49,049_You_are_a_superhero.pages,2020-04-01 19:25:12,You Are a Superhero
50,050_Ill_make_you_a_superhero.pages,2020-04-01 19:25:12,Ill Make You a Superhero
51,051_Oobly_the_Giraffe_Wizard.pages,2021-12-26 11:08:57,Oobly the Giraffe Wizard
52,052_Frankie_Skid_-_Fearless_Squid.pages,2023-05-31 16:18:50,Frankie Skid - Fearless Squid
f0,991_Cast_Of_Thousands.pages,2020-04-04 09:46:26,Cast Of Thousands
f1,992_Acknowledgements.pages,2020-04-04 11:02:58,Acknowledgements
aa,>_Cover_Page_-Snot_and_other_stories.pages,2020-04-07 21:03:37,Cover Page - Snot and other stories
ab,Blank.pages,2020-04-07 20:15:35,Blank
ac,Snot_and_other_stories_-_Drawings.pages,2020-04-07 20:11:05,Snot and other_stories - Drawings
ad,jersey_zimmerman_angry_man.pages,2024-08-25 16:32:29,Jersey Zimmerman - Angry Man
ae,roger_proctor_left_foot_doctor.pages,2024-08-06 21:00:19,Roger Proctor - Left Foot Doctor